name,url,har_file,keys_count
common_bet_ways,https://www.sportybet.com/ng/m/cms/pages/export/common_bet_ways,C:\Users\Danny\Downloads\combo.har,96
page_payment,https://www.sportybet.com/ng/m/cms/pages/export/page_payment,C:\Users\Danny\Downloads\combo.har,723
common_functions,https://www.sportybet.com/ng/m/cms/pages/export/common_functions,C:\Users\Danny\Downloads\combo.har,612
common_feedback,https://www.sportybet.com/ng/m/cms/pages/export/common_feedback,C:\Users\Danny\Downloads\combo.har,105
component_pop_dialog,https://www.sportybet.com/ng/m/cms/pages/export/component_pop_dialog,C:\Users\Danny\Downloads\combo.har,46
common_dates,https://www.sportybet.com/ng/m/cms/pages/export/common_dates,C:\Users\Danny\Downloads\combo.har,74
page_login,https://www.sportybet.com/ng/m/cms/pages/export/page_login,C:\Users\Danny\Downloads\combo.har,89
page_deactivate,https://www.sportybet.com/ng/m/cms/pages/export/page_deactivate,C:\Users\Danny\Downloads\combo.har,44
odds_format,https://www.sportybet.com/ng/m/cms/pages/export/odds_format,C:\Users\Danny\Downloads\combo.har,3
image_url,https://www.sportybet.com/ng/m/cms/pages/export/image_url,C:\Users\Danny\Downloads\combo.har,85
common_sports,https://www.sportybet.com/ng/m/cms/pages/export/common_sports,C:\Users\Danny\Downloads\combo.har,49
component_betslip,https://www.sportybet.com/ng/m/cms/pages/export/component_betslip,C:\Users\Danny\Downloads\combo.har,363
html_tag,https://www.sportybet.com/ng/m/cms/pages/export/html_tag,C:\Users\Danny\Downloads\combo.har,99
component_pop_user_center,https://www.sportybet.com/ng/m/cms/pages/export/component_pop_user_center,C:\Users\Danny\Downloads\combo.har,4
main_footer,https://www.sportybet.com/ng/m/cms/pages/export/main_footer,C:\Users\Danny\Downloads\combo.har,53
common_helps,https://www.sportybet.com/ng/m/cms/pages/export/common_helps,C:\Users\Danny\Downloads\combo.har,78
bet_builder,https://www.sportybet.com/ng/m/cms/pages/export/bet_builder,C:\Users\Danny\Downloads\combo.har,30
common_games,https://www.sportybet.com/ng/m/cms/pages/export/common_games,C:\Users\Danny\Downloads\combo.har,117
common_bet_ways,https://www.sportybet.com/ng/m/cms/pages/export/common_bet_ways,C:\Users\Danny\Downloads\corners.har,96
page_payment,https://www.sportybet.com/ng/m/cms/pages/export/page_payment,C:\Users\Danny\Downloads\corners.har,723
common_functions,https://www.sportybet.com/ng/m/cms/pages/export/common_functions,C:\Users\Danny\Downloads\corners.har,612
common_feedback,https://www.sportybet.com/ng/m/cms/pages/export/common_feedback,C:\Users\Danny\Downloads\corners.har,105
component_pop_dialog,https://www.sportybet.com/ng/m/cms/pages/export/component_pop_dialog,C:\Users\Danny\Downloads\corners.har,46
common_dates,https://www.sportybet.com/ng/m/cms/pages/export/common_dates,C:\Users\Danny\Downloads\corners.har,74
page_login,https://www.sportybet.com/ng/m/cms/pages/export/page_login,C:\Users\Danny\Downloads\corners.har,89
page_deactivate,https://www.sportybet.com/ng/m/cms/pages/export/page_deactivate,C:\Users\Danny\Downloads\corners.har,44
odds_format,https://www.sportybet.com/ng/m/cms/pages/export/odds_format,C:\Users\Danny\Downloads\corners.har,3
image_url,https://www.sportybet.com/ng/m/cms/pages/export/image_url,C:\Users\Danny\Downloads\corners.har,85
common_sports,https://www.sportybet.com/ng/m/cms/pages/export/common_sports,C:\Users\Danny\Downloads\corners.har,49
component_betslip,https://www.sportybet.com/ng/m/cms/pages/export/component_betslip,C:\Users\Danny\Downloads\corners.har,363
html_tag,https://www.sportybet.com/ng/m/cms/pages/export/html_tag,C:\Users\Danny\Downloads\corners.har,99
component_pop_user_center,https://www.sportybet.com/ng/m/cms/pages/export/component_pop_user_center,C:\Users\Danny\Downloads\corners.har,4
main_footer,https://www.sportybet.com/ng/m/cms/pages/export/main_footer,C:\Users\Danny\Downloads\corners.har,53
common_helps,https://www.sportybet.com/ng/m/cms/pages/export/common_helps,C:\Users\Danny\Downloads\corners.har,78
bet_builder,https://www.sportybet.com/ng/m/cms/pages/export/bet_builder,C:\Users\Danny\Downloads\corners.har,30
common_games,https://www.sportybet.com/ng/m/cms/pages/export/common_games,C:\Users\Danny\Downloads\corners.har,117
common_bet_ways,https://www.sportybet.com/ng/m/cms/pages/export/common_bet_ways,C:\Users\Danny\Downloads\half.har,96
page_payment,https://www.sportybet.com/ng/m/cms/pages/export/page_payment,C:\Users\Danny\Downloads\half.har,723
common_functions,https://www.sportybet.com/ng/m/cms/pages/export/common_functions,C:\Users\Danny\Downloads\half.har,612
common_feedback,https://www.sportybet.com/ng/m/cms/pages/export/common_feedback,C:\Users\Danny\Downloads\half.har,105
component_pop_dialog,https://www.sportybet.com/ng/m/cms/pages/export/component_pop_dialog,C:\Users\Danny\Downloads\half.har,46
common_dates,https://www.sportybet.com/ng/m/cms/pages/export/common_dates,C:\Users\Danny\Downloads\half.har,74
page_login,https://www.sportybet.com/ng/m/cms/pages/export/page_login,C:\Users\Danny\Downloads\half.har,89
page_deactivate,https://www.sportybet.com/ng/m/cms/pages/export/page_deactivate,C:\Users\Danny\Downloads\half.har,44
odds_format,https://www.sportybet.com/ng/m/cms/pages/export/odds_format,C:\Users\Danny\Downloads\half.har,3
image_url,https://www.sportybet.com/ng/m/cms/pages/export/image_url,C:\Users\Danny\Downloads\half.har,85
common_sports,https://www.sportybet.com/ng/m/cms/pages/export/common_sports,C:\Users\Danny\Downloads\half.har,49
component_betslip,https://www.sportybet.com/ng/m/cms/pages/export/component_betslip,C:\Users\Danny\Downloads\half.har,363
html_tag,https://www.sportybet.com/ng/m/cms/pages/export/html_tag,C:\Users\Danny\Downloads\half.har,99
component_pop_user_center,https://www.sportybet.com/ng/m/cms/pages/export/component_pop_user_center,C:\Users\Danny\Downloads\half.har,4
main_footer,https://www.sportybet.com/ng/m/cms/pages/export/main_footer,C:\Users\Danny\Downloads\half.har,53
common_helps,https://www.sportybet.com/ng/m/cms/pages/export/common_helps,C:\Users\Danny\Downloads\half.har,78
bet_builder,https://www.sportybet.com/ng/m/cms/pages/export/bet_builder,C:\Users\Danny\Downloads\half.har,30
common_games,https://www.sportybet.com/ng/m/cms/pages/export/common_games,C:\Users\Danny\Downloads\half.har,117
common_bet_ways,https://www.sportybet.com/ng/m/cms/pages/export/common_bet_ways,C:\Users\Danny\Downloads\goals.har,96
page_payment,https://www.sportybet.com/ng/m/cms/pages/export/page_payment,C:\Users\Danny\Downloads\goals.har,723
common_functions,https://www.sportybet.com/ng/m/cms/pages/export/common_functions,C:\Users\Danny\Downloads\goals.har,612
common_feedback,https://www.sportybet.com/ng/m/cms/pages/export/common_feedback,C:\Users\Danny\Downloads\goals.har,105
component_pop_dialog,https://www.sportybet.com/ng/m/cms/pages/export/component_pop_dialog,C:\Users\Danny\Downloads\goals.har,46
common_dates,https://www.sportybet.com/ng/m/cms/pages/export/common_dates,C:\Users\Danny\Downloads\goals.har,74
page_login,https://www.sportybet.com/ng/m/cms/pages/export/page_login,C:\Users\Danny\Downloads\goals.har,89
page_deactivate,https://www.sportybet.com/ng/m/cms/pages/export/page_deactivate,C:\Users\Danny\Downloads\goals.har,44
odds_format,https://www.sportybet.com/ng/m/cms/pages/export/odds_format,C:\Users\Danny\Downloads\goals.har,3
image_url,https://www.sportybet.com/ng/m/cms/pages/export/image_url,C:\Users\Danny\Downloads\goals.har,85
common_sports,https://www.sportybet.com/ng/m/cms/pages/export/common_sports,C:\Users\Danny\Downloads\goals.har,49
component_betslip,https://www.sportybet.com/ng/m/cms/pages/export/component_betslip,C:\Users\Danny\Downloads\goals.har,363
html_tag,https://www.sportybet.com/ng/m/cms/pages/export/html_tag,C:\Users\Danny\Downloads\goals.har,99
component_pop_user_center,https://www.sportybet.com/ng/m/cms/pages/export/component_pop_user_center,C:\Users\Danny\Downloads\goals.har,4
main_footer,https://www.sportybet.com/ng/m/cms/pages/export/main_footer,C:\Users\Danny\Downloads\goals.har,53
common_helps,https://www.sportybet.com/ng/m/cms/pages/export/common_helps,C:\Users\Danny\Downloads\goals.har,78
bet_builder,https://www.sportybet.com/ng/m/cms/pages/export/bet_builder,C:\Users\Danny\Downloads\goals.har,30
common_games,https://www.sportybet.com/ng/m/cms/pages/export/common_games,C:\Users\Danny\Downloads\goals.har,117
common_bet_ways,https://www.sportybet.com/ng/m/cms/pages/export/common_bet_ways,C:\Users\Danny\Downloads\www.sportybet.com.har,96
page_payment,https://www.sportybet.com/ng/m/cms/pages/export/page_payment,C:\Users\Danny\Downloads\www.sportybet.com.har,723
common_functions,https://www.sportybet.com/ng/m/cms/pages/export/common_functions,C:\Users\Danny\Downloads\www.sportybet.com.har,612
common_feedback,https://www.sportybet.com/ng/m/cms/pages/export/common_feedback,C:\Users\Danny\Downloads\www.sportybet.com.har,105
component_pop_dialog,https://www.sportybet.com/ng/m/cms/pages/export/component_pop_dialog,C:\Users\Danny\Downloads\www.sportybet.com.har,46
common_dates,https://www.sportybet.com/ng/m/cms/pages/export/common_dates,C:\Users\Danny\Downloads\www.sportybet.com.har,74
page_login,https://www.sportybet.com/ng/m/cms/pages/export/page_login,C:\Users\Danny\Downloads\www.sportybet.com.har,89
page_deactivate,https://www.sportybet.com/ng/m/cms/pages/export/page_deactivate,C:\Users\Danny\Downloads\www.sportybet.com.har,44
odds_format,https://www.sportybet.com/ng/m/cms/pages/export/odds_format,C:\Users\Danny\Downloads\www.sportybet.com.har,3
image_url,https://www.sportybet.com/ng/m/cms/pages/export/image_url,C:\Users\Danny\Downloads\www.sportybet.com.har,85
common_sports,https://www.sportybet.com/ng/m/cms/pages/export/common_sports,C:\Users\Danny\Downloads\www.sportybet.com.har,49
component_betslip,https://www.sportybet.com/ng/m/cms/pages/export/component_betslip,C:\Users\Danny\Downloads\www.sportybet.com.har,363
html_tag,https://www.sportybet.com/ng/m/cms/pages/export/html_tag,C:\Users\Danny\Downloads\www.sportybet.com.har,99
component_pop_user_center,https://www.sportybet.com/ng/m/cms/pages/export/component_pop_user_center,C:\Users\Danny\Downloads\www.sportybet.com.har,4
main_footer,https://www.sportybet.com/ng/m/cms/pages/export/main_footer,C:\Users\Danny\Downloads\www.sportybet.com.har,53
common_helps,https://www.sportybet.com/ng/m/cms/pages/export/common_helps,C:\Users\Danny\Downloads\www.sportybet.com.har,78
bet_builder,https://www.sportybet.com/ng/m/cms/pages/export/bet_builder,C:\Users\Danny\Downloads\www.sportybet.com.har,30
common_games,https://www.sportybet.com/ng/m/cms/pages/export/common_games,C:\Users\Danny\Downloads\www.sportybet.com.har,117
common_bet_ways,https://www.sportybet.com/ng/m/cms/pages/export/common_bet_ways,C:\Users\Danny\Downloads\minutes.har,96
page_payment,https://www.sportybet.com/ng/m/cms/pages/export/page_payment,C:\Users\Danny\Downloads\minutes.har,723
common_functions,https://www.sportybet.com/ng/m/cms/pages/export/common_functions,C:\Users\Danny\Downloads\minutes.har,612
common_feedback,https://www.sportybet.com/ng/m/cms/pages/export/common_feedback,C:\Users\Danny\Downloads\minutes.har,105
component_pop_dialog,https://www.sportybet.com/ng/m/cms/pages/export/component_pop_dialog,C:\Users\Danny\Downloads\minutes.har,46
common_dates,https://www.sportybet.com/ng/m/cms/pages/export/common_dates,C:\Users\Danny\Downloads\minutes.har,74
page_login,https://www.sportybet.com/ng/m/cms/pages/export/page_login,C:\Users\Danny\Downloads\minutes.har,89
page_deactivate,https://www.sportybet.com/ng/m/cms/pages/export/page_deactivate,C:\Users\Danny\Downloads\minutes.har,44
odds_format,https://www.sportybet.com/ng/m/cms/pages/export/odds_format,C:\Users\Danny\Downloads\minutes.har,3
image_url,https://www.sportybet.com/ng/m/cms/pages/export/image_url,C:\Users\Danny\Downloads\minutes.har,85
common_sports,https://www.sportybet.com/ng/m/cms/pages/export/common_sports,C:\Users\Danny\Downloads\minutes.har,49
component_betslip,https://www.sportybet.com/ng/m/cms/pages/export/component_betslip,C:\Users\Danny\Downloads\minutes.har,363
html_tag,https://www.sportybet.com/ng/m/cms/pages/export/html_tag,C:\Users\Danny\Downloads\minutes.har,99
component_pop_user_center,https://www.sportybet.com/ng/m/cms/pages/export/component_pop_user_center,C:\Users\Danny\Downloads\minutes.har,4
main_footer,https://www.sportybet.com/ng/m/cms/pages/export/main_footer,C:\Users\Danny\Downloads\minutes.har,53
common_helps,https://www.sportybet.com/ng/m/cms/pages/export/common_helps,C:\Users\Danny\Downloads\minutes.har,78
bet_builder,https://www.sportybet.com/ng/m/cms/pages/export/bet_builder,C:\Users\Danny\Downloads\minutes.har,30
common_games,https://www.sportybet.com/ng/m/cms/pages/export/common_games,C:\Users\Danny\Downloads\minutes.har,117
common_bet_ways,https://www.sportybet.com/ng/m/cms/pages/export/common_bet_ways,C:\Users\Danny\Downloads\teams.har,96
page_payment,https://www.sportybet.com/ng/m/cms/pages/export/page_payment,C:\Users\Danny\Downloads\teams.har,723
common_functions,https://www.sportybet.com/ng/m/cms/pages/export/common_functions,C:\Users\Danny\Downloads\teams.har,612
common_feedback,https://www.sportybet.com/ng/m/cms/pages/export/common_feedback,C:\Users\Danny\Downloads\teams.har,105
component_pop_dialog,https://www.sportybet.com/ng/m/cms/pages/export/component_pop_dialog,C:\Users\Danny\Downloads\teams.har,46
common_dates,https://www.sportybet.com/ng/m/cms/pages/export/common_dates,C:\Users\Danny\Downloads\teams.har,74
page_login,https://www.sportybet.com/ng/m/cms/pages/export/page_login,C:\Users\Danny\Downloads\teams.har,89
page_deactivate,https://www.sportybet.com/ng/m/cms/pages/export/page_deactivate,C:\Users\Danny\Downloads\teams.har,44
odds_format,https://www.sportybet.com/ng/m/cms/pages/export/odds_format,C:\Users\Danny\Downloads\teams.har,3
image_url,https://www.sportybet.com/ng/m/cms/pages/export/image_url,C:\Users\Danny\Downloads\teams.har,85
common_sports,https://www.sportybet.com/ng/m/cms/pages/export/common_sports,C:\Users\Danny\Downloads\teams.har,49
component_betslip,https://www.sportybet.com/ng/m/cms/pages/export/component_betslip,C:\Users\Danny\Downloads\teams.har,363
html_tag,https://www.sportybet.com/ng/m/cms/pages/export/html_tag,C:\Users\Danny\Downloads\teams.har,99
component_pop_user_center,https://www.sportybet.com/ng/m/cms/pages/export/component_pop_user_center,C:\Users\Danny\Downloads\teams.har,4
main_footer,https://www.sportybet.com/ng/m/cms/pages/export/main_footer,C:\Users\Danny\Downloads\teams.har,53
common_helps,https://www.sportybet.com/ng/m/cms/pages/export/common_helps,C:\Users\Danny\Downloads\teams.har,78
bet_builder,https://www.sportybet.com/ng/m/cms/pages/export/bet_builder,C:\Users\Danny\Downloads\teams.har,30
common_games,https://www.sportybet.com/ng/m/cms/pages/export/common_games,C:\Users\Danny\Downloads\teams.har,117
common_bet_ways,https://www.sportybet.com/ng/m/cms/pages/export/common_bet_ways,C:\Users\Danny\Downloads\players.har,96
page_payment,https://www.sportybet.com/ng/m/cms/pages/export/page_payment,C:\Users\Danny\Downloads\players.har,723
common_functions,https://www.sportybet.com/ng/m/cms/pages/export/common_functions,C:\Users\Danny\Downloads\players.har,612
common_feedback,https://www.sportybet.com/ng/m/cms/pages/export/common_feedback,C:\Users\Danny\Downloads\players.har,105
component_pop_dialog,https://www.sportybet.com/ng/m/cms/pages/export/component_pop_dialog,C:\Users\Danny\Downloads\players.har,46
common_dates,https://www.sportybet.com/ng/m/cms/pages/export/common_dates,C:\Users\Danny\Downloads\players.har,74
page_login,https://www.sportybet.com/ng/m/cms/pages/export/page_login,C:\Users\Danny\Downloads\players.har,89
page_deactivate,https://www.sportybet.com/ng/m/cms/pages/export/page_deactivate,C:\Users\Danny\Downloads\players.har,44
odds_format,https://www.sportybet.com/ng/m/cms/pages/export/odds_format,C:\Users\Danny\Downloads\players.har,3
image_url,https://www.sportybet.com/ng/m/cms/pages/export/image_url,C:\Users\Danny\Downloads\players.har,85
common_sports,https://www.sportybet.com/ng/m/cms/pages/export/common_sports,C:\Users\Danny\Downloads\players.har,49
component_betslip,https://www.sportybet.com/ng/m/cms/pages/export/component_betslip,C:\Users\Danny\Downloads\players.har,363
html_tag,https://www.sportybet.com/ng/m/cms/pages/export/html_tag,C:\Users\Danny\Downloads\players.har,99
component_pop_user_center,https://www.sportybet.com/ng/m/cms/pages/export/component_pop_user_center,C:\Users\Danny\Downloads\players.har,4
main_footer,https://www.sportybet.com/ng/m/cms/pages/export/main_footer,C:\Users\Danny\Downloads\players.har,53
common_helps,https://www.sportybet.com/ng/m/cms/pages/export/common_helps,C:\Users\Danny\Downloads\players.har,78
bet_builder,https://www.sportybet.com/ng/m/cms/pages/export/bet_builder,C:\Users\Danny\Downloads\players.har,30
common_games,https://www.sportybet.com/ng/m/cms/pages/export/common_games,C:\Users\Danny\Downloads\players.har,117
